125,3.78,-0.12,,1.77
125,1.43,-0.01,,1.77
125,2.47,-0.1,,1.91
125,1.26,0.08,,1.91
125,1.77,-0.03,,2.06
125,1.91,0.09,,2.06
125,2.06,-0.08,,2.2
125,3.61,-0.07,,2.2
125,3.58,-0.02,,1.02
125,1.02,-0.01,,0.9
125,2.2,-0.03,,0.27
125,0.9,-0.2,,0
125,0.27,-0.08,,0
125,0,-0.05,,0
125,-0.17,-0.03,,0.36
125,-0.73,0.06,,0.58
125,0.58,-0.05,,0.65
125,1.16,0.04,,0.65
125,0.36,-0.11,,0.65
125,1.38,-0.15,,0.65
125,0.65,-0.13,,0.65
125,0.44,-0.04,,1.48
125,1.48,-0.02,,1.48
125,-1.48,-0.09,,1.55
125,2.81,-0.03,,1.57
125,1.57,-0.17,,1.55
125,-0.48,0,,0.24
125,1.55,0.01,,1.4
125,2.33,0.02,,1.07
125,-0.05,0.03,,0.24
125,0.24,-0.02,,0.24
125,1.4,-0.02,,-0.34
125,1.07,-0.06,,-0.34
125,-1.36,-0.09,,-0.34
125,-0.34,-0.12,,0.48
125,-0.46,-4757.48,,0.56
125,1.65,0.14,,0.99
125,0.56,-0.21,,0.99
125,0.48,0,,1.45
125,1.45,-0.07,,1.45
125,0.99,-0.03,,1.57
125,3.46,-0.09,,1.57
125,1.65,-0.11,,1.57
125,0.1,-0.13,,1.53
125,1.57,0.13,,1.53
125,-0.02,-0.04,,0.41
125,2.13,-0.06,,1.53
125,1.53,-0.07,,0.63
125,0.41,-0.02,,0.63
125,-1.38,-0.11,,1.79
125,2.33,0.02,,1.79
125,0.63,-0.06,,0.63
125,2.76,0.06,,0.29
125,1.79,-0.06,,0.15
125,-0.05,-0.07,,0.15
125,0.29,-0.02,,0.29
125,0.15,-0.04,,0.15
125,-0.87,-0.14,,0.39
125,0.8,-0.12,,0.8
125,0.82,-0.19,,0.82
125,-0.17,-0.19,,0.82
125,0.39,-0.15,,0.82
125,0.82,0.1,,1.11
125,1.11,-0.01,,1.72
125,3.58,0.07,,1.72
125,0.1,-0.01,,1.72
125,1.89,0.07,,1.72
125,1.72,-0.06,,1.67
125,0.65,-0.04,,1.19
125,2.49,0.06,,1.67
125,1.67,-0.07,,1.67
125,1.19,-0.04,,1.6
125,-0.24,0,,1.82
125,3.63,-0.06,,2.3
125,2.3,-0.03,,1.82
125,1.6,-0.03,,1.82
125,1.82,-0.04,,1.82
125,3.1,-0.06,,2.13
125,1.57,-0.07,,1.82
125,1.82,0.03,,2.13
125,3.12,-0.04,,3.12
125,2.13,-0.03,,2.13
125,0.75,-0.06,,1.96
125,4,0,,2.28
125,4.26,-0.05,,1.96
125,1.96,-0.15,,1.7
125,0.78,-0.02,,0.78
125,2.28,-0.07,,1.7
125,1.7,-0.03,,1.7
125,0.56,-0.14,,2.49
125,0.73,0,,2.95
125,2.49,-0.03,,2.95
125,4.26,-0.01,,2.95
125,2.95,-0.2,,2.95
125,2.95,-0.15,,2.95
125,3.29,-0.2,,3.29
125,2.88,0.02,,3.42
125,3.8,-0.14,,3.42
125,2.62,0.03,,3.39
125,3.42,-0.15,,3.39
125,3.78,-0.05,,3.17
125,2.16,-0.13,,2.16
125,3.39,0.05,,3.17
125,2.08,-0.05,,3.05
125,3.17,-0.03,,3.05
125,0.51,-0.12,,2.95
125,4.26,0.02,,3.05
125,3.05,0,,2.95
125,1.16,0.01,,2.37
125,2.95,-0.1,,2.95
125,3.2,-0.11,,2.37
125,1.53,-0.01,,1.53
125,2.37,0.03,,2.13
125,3.92,-0.15,,2.13
125,-0.31,-0.15,,1.04
125,1.04,-0.12,,1.04
125,2.13,-0.15,,-2.64
125,3.92,-0.11,,-2.64
137,-2.64,0.06,,-2.64
137,-8.19,0.06,,1.4
137,-3.25,0.25,,1.89
137,2.25,0.33,,2.25
137,1.89,0.63,,5.6
137,1.4,0.87,,6.47
137,5.6,0.96,,7.22
137,7.51,1.14,,7.22
137,8.16,1.07,,7.22
137,6.47,0.96,,7.22
137,7.22,1.1,,9.18
137,7,1.01,,9.47
137,9.18,1,,9.57
137,11,0.96,,9.57
137,9.47,0.98,,9.47
137,9.57,1,,9.23
137,10.37,0.98,,9.23
137,9.23,1.19,,9.23
137,7.24,1.17,,7.87
137,7.87,0.95,,9.18
137,9.76,1.11,,9.18
137,11.07,1,,8.33
137,6.44,1.04,,8.33
137,9.18,1.22,,8.65
137,7.75,1.21,,8.65
137,8.33,1.02,,9.23
137,9.49,1.01,,9.23
137,8.65,1.15,,8.65
137,9.49,1.18,,9.23
137,9.23,1.18,,9.23
137,7.75,1.25,,9.76
137,8.11,1.06,,10.34
137,10.34,1.1,,10.34
137,10.83,1.07,,9.76
137,9.76,1.18,,9.76
137,11.43,1.12,,10.37
137,7.36,1.2,,9.25
137,7.75,1.23,,9.25
137,10.73,1.11,,9.79
137,10.37,1.22,,9.79
137,9.25,0.99,,9.42
137,8.94,1.15,,9.79
137,9.79,1.15,,9.79
137,10.61,1.22,,10.25
137,9.42,1.24,,10.25
137,13.56,1.24,,10.25
137,9.79,1.19,,10.1
137,10.25,1.21,,10.1
137,11.26,1.11,,9.81
137,9.81,1.14,,8.45
137,10.1,1.26,,8.45
137,8.4,1.37,,8.4
137,8.45,1.15,,8.02
137,8.02,1.31,,8.02
137,9.91,1.15,,7.75
137,7.75,1.32,,7.75
143,5.09,1.39,,8.72
143,8.72,1.71,,10
143,7.41,1.7,,11.26
143,10,1.84,,11.34
143,11.34,1.82,,12.43
143,12.79,1.92,,12.57
143,11.26,1.93,,12.43
143,12.57,1.94,,12.43
143,12.43,1.93,,11.82
143,13.32,1.92,,11.41
143,10.95,2.04,,11.41
143,11.82,2,,11.41
143,11.41,1.92,,9.45
143,9.18,1.88,,9.18
143,12.52,2.03,,9.45
143,9.45,1.96,,9.45
143,8.72,1.86,,10.32
143,8.91,1.87,,10.66
143,10.32,2.04,,10.66
143,10.66,2.12,,10.66
143,10.9,1.91,,7.61
143,11.21,1.93,,7.58
143,7.46,1.94,,7.46
143,7.58,1.93,,7.12
143,7.61,1.97,,6.01
143,6.01,2.03,,6.01
143,5.76,2.05,,7.12
143,7.12,1.93,,7.17
143,5.11,2.11,,7.17
143,8.14,2.01,,8.09
143,7.17,2.18,,7.17
143,8.09,2.07,,8.09
143,6.61,2.23,,8.21
143,8.21,2.05,,8.21
143,5.09,2.14,,7.51
143,8.43,2.08,,8.38
143,8.96,2.18,,8.38
143,7.51,2.21,,8.38
143,7.31,2.21,,8.38
143,8.38,2.03,,8.38
143,8.79,2.27,,8.79
143,9.35,2.21,,9.35
143,8.21,2.31,,12.18
150,5.84,2.83,,12.69
150,12.18,3.14,,13.06
150,12.69,3.05,,14.48
150,17.08,3.19,,15.26
150,15.26,3.24,,14.48
150,13.06,3.41,,14.31
150,14.48,3.42,,14.48
150,15.96,3.46,,15.14
150,14.31,3.36,,15.14
150,14.05,3.36,,15.99
150,16.54,3.44,,16.37
150,15.14,3.63,,15.99
150,15.99,3.44,,15.99
150,16.37,3.59,,15.48
150,16.45,3.55,,15.48
150,13.1,3.51,,13.2
150,15.48,3.6,,13.2
150,11.75,3.52,,13.2
150,16.2,3.59,,14.12
150,13.2,3.71,,14.12
150,12.67,3.53,,15.43
150,14.12,3.58,,16.71
150,16.71,3.65,,20.85
156,15.43,4.01,,21.58
156,21.58,4.41,,23.11
156,20.85,4.56,,23.11
156,23.59,4.56,,23.59
156,23.11,4.49,,24.73
156,25.48,4.64,,25.48
156,22.99,4.59,,25.6
156,24.73,4.65,,25.99
156,27.71,4.76,,25.99
156,26.11,4.63,,25.99
156,25.6,4.72,,25.99
156,25.99,4.68,,25.99
156,24.54,4.73,,25.41
156,27.01,4.72,,27.01
156,28.12,4.63,,26.96
156,25.26,4.68,,26.96
156,25.41,4.64,,27.18
156,28.05,4.62,,27.71
156,26.96,4.68,,27.71
156,27.18,4.69,,27.71
156,29.45,4.77,,27.71
156,27.71,4.73,,26.86
156,28.7,4.51,,26.43
156,26.86,4.71,,26.43
156,26.04,4.59,,26.43
156,26.43,4.55,,26.57
156,26.28,4.65,,26.79
156,28,4.77,,27.42
156,26.57,4.64,,26.79
156,26.79,4.7,,26.79
156,27.44,4.61,,26.62
156,27.42,4.62,,26.62
156,26.62,4.78,,26.62
156,25.29,4.6,,30.54
162,25.31,5.19,,32.38
162,30.54,5.45,,33.74
162,34.25,5.7,,34.25
162,32.38,5.77,,34.32
162,33.74,5.87,,34.32
162,34.32,5.99,,34.49
162,36.38,5.79,,34.49
162,34.49,5.89,,34.42
162,32.19,5.75,,34.42
162,35.63,5.86,,35.58
162,33.01,5.77,,35.58
162,34.42,5.58,,35.58
162,37.4,5.62,,35.65
162,35.58,5.73,,35.58
162,36.77,5.94,,35.65
162,34.08,5.8,,35.41
162,35.65,5.8,,35.41
162,34.52,5.78,,35.41
162,36.55,5.77,,35.61
162,35.41,5.72,,35.41
162,34.03,5.68,,35.05
162,35.97,5.66,,35.15
162,35.61,5.66,,35.15
162,32.8,5.77,,35.15
162,35.05,5.69,,35.53
162,35.15,5.63,,35.65
162,35.65,5.7,,37.86
168,35.53,6.67,,39.99
168,37.86,6.97,,39.99
168,40.91,6.93,,39.99
168,40.35,7.01,,39.99
168,39.99,6.98,,39.99
168,39.84,7.08,,40.91
168,39.34,7.14,,40.91
168,41.08,6.87,,40.91
168,40.91,7.07,,40.01
168,41.71,7.02,,39.92
168,39.92,6.99,,39.92
168,38.88,7.02,,40.01
168,40.01,6.85,,41.66
168,39.48,6.96,,41.66
168,41.66,6.96,,43.07
168,43.38,6.98,,43.38
168,43.6,6.96,,43.07
168,39.26,6.93,,42.7
168,43.07,7.07,,43.07
168,46.07,7.06,,42.7
168,42.7,6.97,,42.05
168,39.72,6.79,,42.05
168,43.91,6.99,,43.36
168,41.06,6.77,,43.36
168,42.05,6.91,,49.17
175,43.36,7.89,,49.41
175,49.17,8.48,,49.68
175,50.6,8.53,,49.85
175,49.41,8.76,,49.68
175,52.54,8.86,,49.68
175,49.68,8.82,,47.84
175,49.85,8.81,,47.21
175,47.84,8.9,,46.84
175,46.84,8.79,,44.4
175,47.21,8.7,,44.3
175,44.3,8.59,,44.3
175,44.4,8.68,,44.4
175,43.53,8.5,,44.81
175,44.2,8.89,,44.83
175,46.67,8.64,,46.67
175,46.82,8.69,,44.83
175,44.81,8.72,,44.83
175,44.83,8.67,,47.5
175,47.69,8.68,,47.69
175,43.74,8.69,,50.16
181,47.5,9.78,,53.41
181,50.16,10.22,,53.41
181,57.33,10.26,,53.41
181,53.7,10.42,,51.66
181,53.41,10.21,,50.26
181,49.63,10.24,,49.9
181,51.66,10.4,,50.26
181,49.9,10.4,,50.26
181,50.26,10.38,,50.26
181,48.15,10.45,,48.68
181,51.95,10.12,,51.62
181,52.8,10.37,,48.68
181,48.32,10.34,,48.68
181,48.68,10.32,,50.79
181,51.62,10.32,,50.96
181,47.33,10.35,,50.96
181,52.05,10.23,,50.96
181,50.79,10.23,,50.96
181,50.96,10.31,,51.47
181,51.47,10.3,,52.39
181,50.36,10.31,,52.39
181,52.39,10.26,,52.39
181,53,10.28,,52.03
181,54.59,10.46,,51.47
181,50.45,10.27,,51.01
181,49.14,-4770.66,,51.47
181,52.03,10.27,,52.03
181,51.47,10.08,,51.47
181,51.01,10.36,,52.25
181,52.49,10.33,,52.49
181,52.25,10.34,,59.46
187,49.22,11.7,,61.86
187,59.46,12.11,,62.54
187,61.86,12,,64.55
187,64.55,12.17,,64.55
187,62.54,11.92,,64.55
187,64.55,12.14,,64.72
187,65.47,12.04,,64.84
187,64.72,11.79,,64.84
187,63.36,-4769.37,,64.86
187,66.66,11.89,,65.18
187,64.84,11.8,,64.86
187,64.86,11.85,,65.18
187,65.49,12.01,,65.35
187,65.18,-4749.84,,65.18
187,63.97,12.06,,64.26
187,68.11,12.06,,64.26
187,65.35,12.18,,64.26
187,64.26,11.97,,64.26
187,63.02,12.1,,64.55
187,63.19,12.17,,66.17
187,64.55,12.08,,66.17
187,68.3,11.85,,67.07
187,66.17,12.14,,67.07
187,67.07,11.84,,67.7
187,66.1,12.01,,67.7
187,67.7,12.19,,67.7
187,68225.39,11.89,,67.12
187,70.68,12.17,,67.12
187,66.97,12.03,,66.97
187,67.12,12.2,,67.12
187,59.71,12.16,,67.46
187,67.46,12.07,,69.61
187,66.61,12.5,,74.02
193,69.61,13.11,,74.02
193,74.02,13.72,,74.84
193,74.84,13.78,,74.84
193,75.23,13.67,,73.46
193,72.81,13.68,,73.46
193,74.84,13.73,,73.46
193,73.46,13.64,,73.15
193,73.15,13.71,,73.15
193,74.26,13.86,,73.37
193,72.2,13.85,,72.2
193,71.07,13.82,,72.11
193,74.19,13.73,,72.11
193,73.37,13.61,,69.95
193,72.11,14.01,,69.95
193,68.55,13.87,,69.95
193,69.95,13.77,,69.95
193,68.64,13.64,,71.84
193,71.84,13.51,,72.08
193,72.78,13.67,,72.08
193,69.68,13.4,,72.08
193,72.08,13.53,,72.69
193,72.69,13.49,,72.83
193,71.43,13.48,,72.83
193,72.83,13.37,,73.73
193,75.16,13.43,,73.92
193,72.83,13.73,,73.92
193,74.53,13.62,,74.53
193,73.73,13.59,,75.52
193,73.92,13.68,,75.79
193,75.52,13.44,,79.06
193,79.06,13.49,,83.39
193,75.79,13.64,,85.57
200,83.39,15.33,,85.62
200,88.04,15.55,,88.04
200,85.62,15.55,,87.8
200,85.57,15.13,,87.8
200,88.77,15.85,,87.8
200,89.59,15.54,,87.51
200,87.8,15.74,,87.51
200,87.51,15.36,,87.51
200,86.88,15.74,,87.41
200,87.41,15.58,,88.94
200,88.94,15.83,,90.25
200,90.68,15.77,,90.32
200,87.03,15.9,,90.32
200,91.8,15.88,,90.83
200,90.25,15.96,,90.83
200,90.32,15.86,,90.83
200,91.99,15.76,,90.83
200,90.83,15.82,,90.83
200,90.83,15.77,,90.83
200,90.98,15.54,,89.28
200,88.41,15.88,,89.28
200,90.9,15.79,,90.81
200,88.7,15.83,,90.81
200,89.28,15.83,,92.53
200,92.53,15.61,,97.22
206,90.81,16.78,,97.22
206,97.22,16.98,,97.22
206,97.27,16.82,,96.28
206,99.14,17.02,,95.07
206,95.07,17.1,,95.07
206,96.28,16.92,,94.78
206,90.44,17.08,,94.25
206,94.78,17.1,,94.78
206,95.84,17.01,,94.25
206,94.25,16.92,,94.25
206,89.42,17.17,,94.58
206,95.6,16.9,,94.58
206,91.39,17.06,,92.4
206,95.24,16.67,,93.3
206,94.58,16.73,,92.55
206,92.4,16.86,,92.4
206,92.38,16.82,,92.38
206,93.3,16.79,,91.27
206,92.55,16.91,,91.27
206,90.95,16.99,,91.27
206,91.27,17.05,,93.76
206,90.03,17.14,,93.76
206,94.68,16.84,,94.25
206,94.25,17.32,,93.76
206,93.76,17.16,,93.01
206,90.73,17.1,,92.84
206,95.6,16.88,,93.01
206,90.3,17.17,,93.01
206,93.01,16.97,,93.25
206,92.84,17.26,,93.98
206,93.98,17.04,,98.48
206,93.25,17.08,,101.58
212,98.48,18.45,,102.67
212,101.58,19.16,,105.17
212,105.87,19.11,,105.17
212,105.17,19.18,,102.67
212,102.67,19.06,,102.67
212,105.85,19.17,,102.7
212,100.86,19.02,,102.7
212,100.08,19.2,,105.75
212,105.75,18.99,,105.77
212,102.7,19.18,,105.87
212,105.77,19.53,,105.87
212,106.77,19.29,,106.77
212,106.89,19.67,,105.87
212,105.87,19.39,,105.87
212,105.51,19.59,,105.51
212,107.54,19.58,,107.54
212,103.55,19.33,,106.77
212,108.68,19.61,,108.56
212,105.22,19.32,,107.08
212,108.87,19.49,,108.44
212,106.77,19.53,,108.44
212,108.56,19.74,,108.44
212,107.08,19.37,,108.03
212,108.44,19.54,,108.03
212,68242.17,19.59,,104.93
212,108.03,19.62,,104.93
212,104.35,19.85,,104.66
212,102.82,19.98,,104.66
212,104.93,19.6,,104.66
212,105.27,19.74,,103.42
212,104.66,19.68,,103.42
212,102.77,19.82,,103.42
212,103.42,19.75,,103.72
212,101.85,19.48,,104.68
212,107.11,19.51,,104.68
212,103.72,19.45,,103.72
212,107.49,19.49,,104.68
212,104.68,19.77,,103.89
212,100.62,19.82,,103.89
212,100.91,19.68,,104.66
212,106.26,19.5,,105.48
212,103.89,19.85,,104.98
212,68242.43,19.54,,105.48
212,104.66,19.97,,104.98
212,105.48,19.71,,105.48
212,104.98,19.84,,106.67
212,109.04,19.61,,106.67
212,104.13,19.82,,104.13
212,108.73,19.68,,103.93
212,106.67,20.06,,96.09
206,103.93,18.59,,93.2
206,96.09,17.95,,90.83
206,93.2,17.9,,90.83
206,89.84,18.04,,90.83
206,90.49,18.17,,92.16
206,90.83,-4745.28,,92.16
206,92.38,18.33,,92.16
206,95.99,18.26,,91.56
206,92.16,18.18,,89.98
206,89.64,18.12,,89.98
206,89.98,18.11,,90.81
206,91.56,17.86,,91.56
206,86.54,18.09,,92.77
206,90.81,17.69,,92.77
206,92.77,18.23,,92.77
206,95,18.01,,89.84
206,93.03,17.76,,89.84
206,89.84,17.5,,89.84
206,87.9,17.91,,89.91
206,88.77,17.83,,90.59
206,90.59,18.12,,91.94
206,91.94,17.66,,93.06
206,89.91,17.74,,94.27
206,93.06,17.85,,94.27
206,94.71,18.11,,94.27
206,94.27,17.85,,93.32
206,95.77,17.74,,93.03
206,93.03,17.61,,93.03
206,92.96,17.66,,92.96
206,93.32,17.43,,89.35
206,87.49,17.54,,88.65
206,93.57,17.49,,88.65
200,89.35,16.34,,86.25
200,84.24,16.44,,85.5
200,88.65,15.98,,85.5
200,86.25,15.95,,82.84
200,82.84,16.19,,82.84
200,85.5,15.93,,83.93
200,80.46,16.15,,83.93
200,81.07,15.95,,85.65
200,83.93,15.96,,85.65
200,85.65,15.91,,86.16
200,86.16,16.06,,87.66
200,89.86,15.74,,87.66
200,84.97,15.93,,84.97
200,87.66,15.76,,87.66
200,88.31,15.67,,84.19
200,84.19,15.27,,84.19
200,83.98,15.83,,85.79
200,87.73,15.42,,85.79
200,84.1,15.65,,84.51
200,88.31,15.56,,84.51
200,85.79,15.5,,83.95
200,84.51,15.46,,83.95
200,83.95,15.5,,83.9
200,83.78,15.52,,83.9
200,83.9,15.61,,85.21
200,87,15.36,,87
200,82.96,15.63,,85.21
200,87,15.6,,85.21
200,85.21,15.54,,79.35
193,87.54,14.6,,74.96
193,79.35,13.92,,74.77
193,74.14,14.15,,74.77
193,74.96,13.99,,74.87
193,71.96,14.07,,74.77
193,74.77,13.97,,74.87
193,74.87,13.87,,74.87
193,77.17,13.95,,72.76
193,72.76,13.9,,72.76
193,76.47,13.94,,72.54
193,72.54,14.14,,72.54
193,71.65,13.92,,72.74
193,73.2,14.02,,73.1
193,72.03,-4768.14,,72.74
193,73.1,14.02,,72.93
193,72.74,13.82,,72.93
193,74.07,14.07,,72.93
193,70.24,14.05,,71.4
193,72.93,14.13,,71.4
193,73.68,14.15,,71.31
193,71.26,14.28,,71.26
193,71.4,13.96,,67
193,71.31,14.33,,56.75
181,67,12.17,,53.55
181,56.75,11.24,,51.32
181,51.32,10.81,,50.72
181,53.55,10.96,,49.02
181,49.02,10.86,,48.64
181,48.08,10.67,,48.08
181,50.72,10.78,,47.93
181,48.64,10.34,,47.76
181,47.93,10.5,,46.63
181,47.76,10.64,,46.21
181,44.79,10.58,,45.9
181,45.75,10.66,,46.21
181,46.63,10.49,,46.41
181,46.21,10.36,,46.41
181,45.9,10.41,,46.41
181,46.41,10.38,,46.41
181,46.6,10.52,,45.49
181,46.87,10.45,,45.37
181,44.71,10.61,,44.91
181,44.91,10.39,,44.91
181,45.49,10.41,,43.36
181,45.37,10.29,,42.24
181,43.36,10.64,,42.19
181,42.19,10.64,,42.19
181,42.19,10.59,,42.24
181,42.24,10.53,,43.02
181,42,10.52,,43.02
181,43.02,10.42,,43.02
181,45.32,10.7,,42.77
181,43.45,10.56,,42.77
181,42.77,10.38,,42.77
181,42.17,10.54,,43.02
181,42.75,10.61,,44.06
181,44.86,10.53,,44.06
181,44.06,10.34,,44.06
181,43.02,10.51,,44.2
181,44.2,10.33,,45.03
181,44.03,10.38,,45.78
181,45.03,10.38,,46.36
181,46.36,10.52,,46.48
181,47.59,10.58,,46.48
181,45.78,10.29,,45.78
181,47.72,10.35,,46.48
181,46.48,10.42,,45.54
181,44.16,10.24,,45.39
181,45.39,10.36,,45.54
181,47.57,10.18,,45.71
181,45.54,10.25,,45.54
181,43.4,10.44,,45.71
181,45.71,10.31,,45.71
181,48.68,10.41,,47.04
181,43.96,10.38,,47.04
181,47.04,10.43,,47.45
181,45.29,10.38,,47.45
181,47.45,10.46,,47.55
181,49.34,10.28,,47.55
181,47.74,10.43,,47.55
181,46.19,10.6,,47.55
181,47.55,10.62,,48.15
181,45,10.42,,48.15
181,48.35,10.56,,48.15
181,50.89,10.45,,40.81
175,48.15,9.52,,39.65
175,40.81,9.19,,38.95
175,39.65,9.14,,38.95
175,38.95,8.84,,38.95
175,37.47,9.34,,38.58
175,38.41,9.21,,38.58
175,39.92,9.17,,38.58
175,39.36,9.12,,38
175,38.58,8.88,,38
175,37.42,8.9,,38
175,37.57,9.09,,38.37
175,38,8.89,,39.7
175,39.7,8.84,,39.7
175,38.37,9.05,,40.81
175,40.81,8.89,,40.81
175,42,9.07,,39.34
175,36.38,9.04,,38
175,41.03,9.01,,38
175,39.34,8.96,,37.71
175,38,9.01,,37.45
175,37.71,9.04,,36.89
175,36.89,8.84,,35.94
175,35.36,9.01,,35.36
175,37.45,8.85,,35.24
175,35.12,8.99,,35.12
175,35.94,8.91,,33.93
175,33.93,8.89,,33.4
175,35.24,9.08,,29.53
168,33.4,8.23,,21.17
168,29.53,7.66,,21.17
168,21.17,7.52,,21.17
168,18.14,7.22,,21.34
168,19.98,7.24,,22.74
168,22.86,7.3,,22.74
168,21.34,7.33,,21.97
168,22.74,7.19,,21.97
168,24.61,7.31,,20.78
168,19.52,7.34,,20.54
168,21.97,7.33,,20.54
168,20.78,7.56,,19.52
168,20.54,7.29,,17.54
168,19.52,7.2,,17.32
168,17.32,7.17,,16.71
168,17.54,7.1,,16.57
168,16.01,7.09,,16.33
168,16.57,7.07,,16.57
168,16.71,7.13,,16.33
168,16.2,6.9,,16.2
168,16.33,6.92,,13.3
168,17.58,6.99,,13.3
168,12.43,7,,13.3
168,13.3,6.84,,13.39
168,10.75,7.04,,13.39
168,14.53,6.65,,13.54
168,13.39,6.99,,13.54
168,14.41,6.87,,13.54
168,13.39,6.74,,13.54
168,13.54,6.83,,13.54
168,14.39,6.89,,14.39
168,11.82,6.95,,14.44
168,14.61,6.77,,14.44
168,11.31,6.83,,14.44
168,16.37,6.87,,14.44
168,14.44,6.91,,12.96
168,11.17,6.8,,11.24
168,15.31,7.12,,11.24
168,12.96,7,,10.12
162,11.24,6.44,,8.89
162,8.65,6.31,,8.65
162,10.12,5.76,,8.89
162,8.26,5.68,,8.26
162,8.89,5.83,,8.89
162,8.04,5.66,,11.72
162,11.72,5.6,,12.52
162,7.99,5.61,,12.91
162,13.49,5.53,,13.49
162,12.52,5.56,,13.61
162,12.91,5.69,,13.61
162,14.8,5.55,,13.61
162,14,5.5,,13.49
162,13.61,5.51,,13.49
162,12.81,5.42,,13.49
162,12.11,5.4,,13.98
162,13.49,5.26,,14.05
162,15.14,5.16,,14.19
162,14.05,5.28,,14.05
162,13.98,5.26,,14.19
162,14.19,5.18,,14.39
162,14.61,5.3,,14.39
162,12.55,5.37,,14.39
162,15.72,5.19,,14.7
162,14.39,5.31,,14.7
162,13.2,5.34,,14.9
162,14.9,5.14,,14.9
162,14.7,5.13,,14.7
156,16.18,4.79,,14.1
156,901.3,4.48,,13.1
156,14.1,4.25,,12.38
156,10.97,4.49,,12.38
156,13.1,4.3,,12.91
156,12.38,4.31,,12.91
156,12.35,4.33,,13.49
156,13.76,4.3,,13.76
156,12.91,4.52,,14.29
156,15.48,4.46,,14.29
156,13.49,4.35,,14.29
156,14.29,4.34,,14.29
156,14.82,4.27,,13.78
156,13.18,4.49,,13.49
156,15.04,4.46,,13.49
156,13.13,4.34,,13.49
156,13.78,4.48,,13.49
156,13.49,4.25,,11.7
156,10.49,4.5,,10.49
156,15.26,4.41,,10.39
156,10.39,4.43,,8.43
150,11.7,4.21,,6.95
150,8.43,4.11,,3.39
150,6.95,3.99,,3.37
150,2.01,3.77,,3.37
150,3.39,3.65,,3.37
150,1.67,3.9,,3.37
150,3.37,3.77,,3.37
150,4.58,3.77,,3.32
150,3.32,3.75,,3.32
150,4.48,3.67,,3.2
150,1.74,3.67,,2.35
150,1.26,3.82,,3.2
150,3.85,3.78,,3.83
150,3.2,3.8,,3.2
150,2.35,3.76,,3.83
150,3.83,3.85,,3.83
150,4.34,3.76,,4.34
150,2.45,3.93,,2.45
150,4.55,3.96,,4.55
150,2.4,3.98,,2.4
150,4.87,3.93,,3.12
150,2.11,3.98,,2.11
143,4.8,3.91,,0.63
143,0.63,3.67,,-1.89
143,3.12,3.37,,-2.49
143,-1.89,3.33,,-2.49
143,-3.2,3.08,,-3.2
143,-6.01,3.12,,-2.86
143,-2.49,3.13,,-2.86
143,-2.45,3.13,,-3.73
143,-3.73,3.11,,-3.73
143,-2.86,3.23,,-3.39
143,-4.29,3.18,,-4.12
143,-4.12,3.08,,-4.12
143,-3.12,3.17,,-4.99
143,-3.39,3.18,,-5.06
143,-5.3,3.14,,-5.3
143,-4.99,3.14,,-5.06
143,-5.06,3.07,,-5.96
143,-6.35,3.03,,-5.98
143,-5.96,3,,-5.96
143,-5.01,3.11,,-5.84
143,-6.35,2.99,,-5.98
143,-5.98,2.99,,-5.98
143,-5.16,2.93,,-7.94
143,-5.84,3.03,,-7.94
143,-7.94,2.9,,-9.23
143,-9.33,3.12,,-9.33
143,-9.23,3,,-10.78
137,-6.44,2.7,,-11.29
137,-10.78,2.59,,-11.46
137,-11.46,2.37,,-13.73
137,-11.29,2.26,,-14.94
137,-13.73,2.43,,-14.94
137,-14.94,2.32,,-15.33
137,-15.6,2.33,,-15.33
137,-15.33,2.13,,-14.92
137,-14.48,2.14,,-14.9
137,-15.36,2.18,,-14.92
137,-14.92,2.05,,-14.9
137,-14.9,2.23,,-14.9
137,-14.07,2.2,,-15.82
137,-18.55,2.3,,-16.95
137,-14.15,2.28,,-16.25
137,-15.82,2.35,,-16.95
137,-16.95,2.29,,-17.44
137,-17.44,2.26,,-17.44
137,-16.25,2.21,,-17.32
137,-18.19,2.28,,-17.49
137,-17.49,1.97,,-17.49
137,-17.32,2.17,,-17.63
137,-17.22,2.14,,-17.63
137,-18.84,2.26,,-17.63
137,-17.63,2.13,,-17.63
137,-18.63,2.08,,-18.63
131,-13.88,1.71,,-19.45
131,-16.23,1.36,,-19.76
131,-19.45,1.25,,-19.79
131,-21.7,1.21,,-20.18
131,-19.76,1.18,,-20.18
131,-19.79,1.03,,-21
131,-23.3,1.1,,-21.19
131,-20.18,1,,-21
131,-21,1.12,,-21.19
131,-21.27,0.91,,-21.27
131,-21.19,1.02,,-21.19
131,-20.76,0.97,,-21.31
131,-22.94,0.99,,-21.31
131,-21.87,0.97,,-21.19
131,-20.37,0.98,,-21.19
131,-21.31,0.97,,-21.19
131,-21.19,1.05,,-21.02
131,-20.13,0.94,,-21.02
131,-21.39,1.03,,-21.15
131,-21.02,0.98,,-21.15
131,-20.95,-4732.19,,-21.75
131,-21.15,1.1,,-21.75
125,-22.62,0.86,,-21.75
125,-21.75,1.03,,-21.75
125,-22.21,0.97,,-21.22
125,-19.69,0.91,,-20.95
125,-21.22,0.89,,-21.19
125,-22.24,0.94,,-20.95
125,-20.95,0.86,,-20.95
125,-19.21,0.98,,-21.19
125,-21.19,0.86,,-21.19
125,-19.18,1.03,,-21.05
125,-22.7,0.88,,-21.29
125,-21.29,0.95,,-21.05
125,-19.84,0.8,,-20.22
125,-21.05,0.86,,-21.05
125,-22.72,0.96,,-20.22
125,-19.98,0.89,,-20.22
125,-20.22,0.82,,-20.22
125,-23.59,1.01,,-20.22
125,-19.72,0.91,,-20.22
125,-20.22,0.77,,-20.76
125,-19.6,1,,-21.29
125,-21.29,0.94,,-21.29
125,-22.4,0.98,,-21.68
125,-20.76,0.82,,-20.76
125,-22.7,0.9,,-21.63
125,-20.37,0.93,,-21.44
125,-21.68,0.74,,-21.53
125,-19.01,0.92,,-21.53
125,-21.63,0.75,,-21.53
125,-21.44,0.87,,-21.53
125,-21.53,0.81,,-21.69
125,-23.42,0.78,,-21.85
125,-20.27,0.86,,-21.06
125,-21.85,0.86,,-21.85
